title,company,location,link
Python Developer Intern,OXO Solutions,"Ruby, SC",https://www.indeed.com/viewjob?jk=84a541c104b5b24c
Software Developer – Entry Level,Grant Street Group,Remote,https://www.indeed.com/viewjob?jk=2543a7872e38edb8
Remote Ruby Python Developer 1 Year Contract,Recruiting for Good,"Anaheim, CA",https://www.indeed.com/viewjob?jk=77ae86d80f9dce6f
Data Scientist - Entry Level,Numerdox,"Sacramento, CA",https://www.indeed.com/viewjob?jk=3dde0133818987f0
Entry Level/Junior Software Engineer,BAE Systems,,https://www.indeed.com/viewjob?jk=bfd69e52832aed44
"Junior Python Developer, Analyst",BlackRock,"Atlanta, GA",https://www.indeed.com/viewjob?jk=75bb65741148bc46
Software Engineering- Python,"JPMorgan Chase Bank, N.A.","Houston, TX",https://www.indeed.com/viewjob?jk=827d0fe78bc00aed
Intelligence Analysis Development Program (IADP) - Entry,National Security Agency,"Fort Meade, MD",https://www.indeed.com/viewjob?jk=a1dd61befc2a5f47
Looking for an entry-level or graduate job?,Unibuddy,"New York, NY",https://www.indeed.com/viewjob?jk=6f71dbba168364c9
"Launch Internship, Summer 2021 - Location Flexible",Dropbox,California,https://www.indeed.com/viewjob?jk=c95324f57292851a
Software or Machine Learning Engineer - Entry Level,Apple,"Santa Clara Valley, CA 95014",https://www.indeed.com/viewjob?jk=0a15fa886dca0fd8
Software Engineering Intern - DevOps,Vacasa,Oregon,https://www.indeed.com/viewjob?jk=620e75379424415f
Data Linguist-I,Amazon.com Services LLC,"Cambridge, MA",https://www.indeed.com/viewjob?jk=5aadb30c1348373b
Senior Level Python Developer,Naka Technologies,"New York, NY",https://www.indeed.com/viewjob?jk=bfa41cad10426505
Python Developer,PerchHQ,Remote,https://www.indeed.com/viewjob?jk=38181a8ebe650bbc
PYTHON DEVELOPER,OC10,,https://www.indeed.com/viewjob?jk=f26b8209c93fdd28
Python Developer,KIBO,,https://www.indeed.com/viewjob?jk=7781efa339d8fbbe
PYTHON SOFTWARE ENGINEER-DEEP LEARNING,InspiHER Tech,United States,https://www.indeed.com/viewjob?jk=3dd6c509667887e7
Python Developer,Callsign Media,,https://www.indeed.com/viewjob?jk=345e22ca6e583be5
Java / Python Tutors,"SAM Consulting Services, Inc.",,https://www.indeed.com/viewjob?jk=6dd414e5bf2653aa
Senior Python Developer,Ebury Partners,Remote,https://www.indeed.com/viewjob?jk=249fd45368894066
"Security Analyst Intern, Online Safety - Child Safety",Facebook,Remote,https://www.indeed.com/viewjob?jk=3bbc92a30f1b5e08
"MACHINE LEARNING ENGINEER - PYTHON, TENSORFLOW",InspiHER Tech,United States,https://www.indeed.com/viewjob?jk=a754b1fae51c41d2
Entry Level Back End Developer: 2021,IBM,United States,https://www.indeed.com/viewjob?jk=4757a8891a7150f6
Associate Data Analyst,Kickstarter.com,Remote,https://www.indeed.com/viewjob?jk=adf8d45087094a7c
Python Developer,Phrasee,Remote,https://www.indeed.com/viewjob?jk=085a511b377e3ecb
Python Application Developer,Accenture,"Charlotte, NC",https://www.indeed.com/viewjob?jk=25d5ff4f4cd02714
BASICS Consultant - Python Development,Internews,Remote,https://www.indeed.com/viewjob?jk=edb59cd10b664b7c
Entry Level Business Analyst (2+Years Exp),Agama Solutions,Arizona,https://www.indeed.com/viewjob?jk=e6e644c9c83e253c
Software Developer (Python),"Yashco Systems, Inc.","Hilliard, OH 43026",https://www.indeed.com/viewjob?jk=8f5037f31fe9b760
Python Developer,Spire Digital,,https://www.indeed.com/viewjob?jk=6f1c7fcc5a94a198
Python Developer,Swan Software Solutions,"Carmel, IN",https://www.indeed.com/viewjob?jk=32eaa9e1e80e8c5d
Python Data Engineer,Intone Networks,"Providence, RI",https://www.indeed.com/viewjob?jk=7cfcd1f575883e75
Python Software Engineer,EMIDS,"New York, NY",https://www.indeed.com/viewjob?jk=25beb6eba5d7fb80
Python Engineer,Intone Networks,"New York, NY",https://www.indeed.com/viewjob?jk=5b3fac7b371916a9
Python Developer,Luxoft,"Middletown, NJ",https://www.indeed.com/viewjob?jk=de46680b0aa687e8
Entry Level Software Engineer,Toyota Connected North America,"Plano, TX",https://www.indeed.com/viewjob?jk=4a6f6d5f7c9af731
Python Developer,Virtusa,"Bridgeport, CT",https://www.indeed.com/viewjob?jk=8823b62e14ff79bf
"Software Engineer, Python - Cryptowatch",kraken,Remote,https://www.indeed.com/viewjob?jk=3d2c1aadb5531ac3
"Data Scientist, Analytics, Intern",Facebook,Remote,https://www.indeed.com/viewjob?jk=ca5a8e09e6e7c403
PYTHON DEVELOPER,Pythonwise,"Seattle, WA",https://www.indeed.com/viewjob?jk=1a20a1c56fb7df73
Sr Python developer - Software Engineer,"JPMorgan Chase Bank, N.A.","Jersey City, NJ",https://www.indeed.com/viewjob?jk=8fb0baed7209c673
Python (Scala/Spark) Developer,Deloitte,,https://www.indeed.com/viewjob?jk=dc7a204473628fc9
Python Developer,Cresttek LLC,"Troy, MI 48084",https://www.indeed.com/viewjob?jk=b7195effd54560bf
Python Developer,ACS Group,"Houston, TX",https://www.indeed.com/viewjob?jk=7f101ee0ba120c31
Software Engineer (Entry-Level),Raptor Maps,,https://www.indeed.com/viewjob?jk=4895c5581d575885
Full-Stack Python Developer,stackbuilders,,https://www.indeed.com/viewjob?jk=b4490fe245a1d8ed
Back-End Python Developer,Pluralsight,Utah,https://www.indeed.com/viewjob?jk=7c7d1ef70bacbf54
Software Engineer Intern (Python),Vectorworks Inc.,"Columbia, MD 21046",https://www.indeed.com/viewjob?jk=b2e60f03c3f7dd3b
"Python Developer with AWS, SQL and Cloud Experience",TCS,"Sunnyvale, CA",https://www.indeed.com/viewjob?jk=6d333030a1fdda9a
Python Developer,Intellilink Technologies,"Princeton, NJ",https://www.indeed.com/viewjob?jk=accd4b9e2652cb0a
Python Developer,Intone Networks,"Boston, MA",https://www.indeed.com/viewjob?jk=ae1d23a3fe65f90a
Technology Internship Program,Engineers Gate,Remote,https://www.indeed.com/viewjob?jk=debdd740b190e94e
Entry Level Software Engineer,Instrumental Software Technologies,"Saratoga Springs, NY",https://www.indeed.com/viewjob?jk=90d6fd964d108949
Modeling and Simulation Application Analyst,Procter & Gamble,,https://www.indeed.com/viewjob?jk=c5b33f50ee8c4484
Data Scientist - Analytics,Acorn Analytics,Remote,https://www.indeed.com/viewjob?jk=3d5724ad39c214bb
Python Developer with Imaging experience,Intone Networks,"Boston, MA",https://www.indeed.com/viewjob?jk=4c70db4f9d22c056
Python Developer,ION,"New York, NY",https://www.indeed.com/viewjob?jk=b2e80047a98b4bc5
Campus Recruitment - 2021 Technology Software Engineer Full Time,American Express,United States,https://www.indeed.com/viewjob?jk=1329e66959638b24
Python Developer,Snap IT Solutions,,https://www.indeed.com/viewjob?jk=0e10fe734c597c75
Python Developer – Accounts,RealPage,,https://www.indeed.com/viewjob?jk=1d7146f699979620
Python Developer,Cognizant Technology Solutions,,https://www.indeed.com/viewjob?jk=b4d55b6b9c183f9e
Quality Assurance Analyst I,Rice University,,https://www.indeed.com/viewjob?jk=c47ca2cee31ac478
Python Developer,Ramsey Solutions,"Franklin, TN 37064",https://www.indeed.com/viewjob?jk=f9698266cdd782c9
Actuarial Analyst,Homesite Insurance,Remote,https://www.indeed.com/viewjob?jk=f78e74f0e0fc7e3f
"Intern, Player Development",The Seattle Mariners Baseball Club,,https://www.indeed.com/viewjob?jk=b50eaf0792c51d63
Enterprise Security Intern (Remote),23andMe,California,https://www.indeed.com/viewjob?jk=c6eb15ba6abe4fed
Python Developer,Sara Technologies,"San Diego, CA 92127",https://www.indeed.com/viewjob?jk=07cc59a85ae4d228
Data Python Developer,London Stock Exchange Group,"New York, NY",https://www.indeed.com/viewjob?jk=31661855134fd73a
Python Engineer,iknowvate technologies,"New York, NY",https://www.indeed.com/viewjob?jk=88d41b4bb4a9cf00
Robotics,Honda Research Institute USA,"San Jose, CA",https://www.indeed.com/viewjob?jk=f0b4729797382037
New Graduate Software Engineer,Discovery Communications,"Bellevue, WA",https://www.indeed.com/viewjob?jk=8a7636ba5b5632b9
Python developer,VAUXOO,"Colima, GA",https://www.indeed.com/viewjob?jk=f7669fcbd77ecd11
Data Technician (Full- or Part-Time),Thasos Group,"New York, NY",https://www.indeed.com/viewjob?jk=da727c0cddda240e
Python/SQL Developer,IDM People,"Township of Hamilton, NJ 08619",https://www.indeed.com/viewjob?jk=967a405ee33c49d4
Python Developer,Commerx,United States,https://www.indeed.com/viewjob?jk=4ac786cdc8731b97
Senior Ruby or Python Engineer,Simple Thread,"Glen Allen, VA",https://www.indeed.com/viewjob?jk=503ba5c7d2a98e9a
Ops Analytics Intern,Vacasa,Idaho,https://www.indeed.com/viewjob?jk=89d7467db7d6a71c
Python Developer,Crunch.io,United States,https://www.indeed.com/viewjob?jk=b616c7551b5d0f3c
Python Developer,CMK Resources,"Bethesda, MD",https://www.indeed.com/viewjob?jk=927d18122441c8aa
Python API/Data Developer,KVH Industries,"Middletown, RI 02842",https://www.indeed.com/viewjob?jk=baf13e2d7315ac34
Professional Services Engineer (Python/Node),Santex Group,United States,https://www.indeed.com/viewjob?jk=73aeec6f6b31b40a
Associate Software Engineer,Adobe,"San Francisco, CA",https://www.indeed.com/viewjob?jk=c32d6322127470f0
Python Developer,MassMutual,"New York, NY",https://www.indeed.com/viewjob?jk=90de04c75f72f2f3
"Data Scientist, Level I HC-164",ALSAC/St. Jude Children's Research Hospital,United States,https://www.indeed.com/viewjob?jk=6ad8a1da05d8bdf9
Penetration Testing Trainee (Remote USA),BreachLock,"Florida, NY",https://www.indeed.com/viewjob?jk=487b30db63184515
Summer 2021 - Software Engineering Intern,Workiva,"Ames, IA 50010",https://www.indeed.com/viewjob?jk=362eff969c7ff22d
Back End / Python Application Developer (**REMOTE AVAILABLE**),Vanderbilt University Medical Center,"Nashville, TN",https://www.indeed.com/viewjob?jk=dc3f0653d68fb565
"Business Intelligence Analyst I, II, or Senior - REMOTE",Essentia Health,,https://www.indeed.com/viewjob?jk=b0ce92de39fb1aba
Python-Developers,Celandyne Software Solutions,"Santa Clara, CA 95050",https://www.indeed.com/viewjob?jk=e004e922fdd74fe6
Python ETL Developer,Athene,"West Des Moines, IA",https://www.indeed.com/viewjob?jk=41c89d3eada811f6
Manual QA Engineer,N2W Software,"West Palm Beach, FL",https://www.indeed.com/viewjob?jk=325fa8e5cb9dd39f
"Entry Level Business Analyst: San Francisco, CA",Agama Solutions,"San Francisco, CA",https://www.indeed.com/viewjob?jk=7b7fe159be09fd0b
Senior Python Developer - Medicaid,Gainwell Technologies,"Williston, VT 05495",https://www.indeed.com/viewjob?jk=20d52c03190df801
"Python Developer | Richmond, VA (Remote until 2021)",iknowvate technologies,"Richmond, VA",https://www.indeed.com/viewjob?jk=5a9a0ac14d0aaba7
Python Developer,Piper Companies,"Windsor Mill, MD",https://www.indeed.com/viewjob?jk=c549c773f0471be0
Senior Python Developer,Extreme Engineering Solutions,"Verona, WI 53593",https://www.indeed.com/viewjob?jk=daf07c3b8f869f77
Python Developer with RASA/RASA-X Framework,Synechron,"Charlotte, NC",https://www.indeed.com/viewjob?jk=6b93b05adb3c7dd4
"Physicist Intern, Physical Modeling",Facebook,Remote,https://www.indeed.com/viewjob?jk=bee30584f9dc7d4a
Python Modeling Developer,NovaGigs,"Washington, DC",https://www.indeed.com/viewjob?jk=9e76adc87d7a825b
Senior Python Software Engineer,The RepTrak Company,Massachusetts,https://www.indeed.com/viewjob?jk=46951c12fa7f86ac
Senior Python Developer,Rural Sourcing Inc.,,https://www.indeed.com/viewjob?jk=5bb11acfa0bb04af
Junior Systems Engineer - Remote,Assurant,"Miami, FL 33157",https://www.indeed.com/viewjob?jk=1f82176d7f970736
PYTHON AUTOMATION TESTING,SpanIdea,"Milpitas, CA",https://www.indeed.com/viewjob?jk=06a12c53ed5463db
Python Developer - US,Perceptive Analytics,"Houston, TX",https://www.indeed.com/viewjob?jk=09b67070d526895b
Quantitative Trader - Entry Level,Avatar Securities,"Chicago, IL",https://www.indeed.com/viewjob?jk=d01efa8dad29efdc
Temp - Senior Python Developer,Xaxis,,https://www.indeed.com/viewjob?jk=0d81a1d690bd22c7
"Senior Engineer- Javascript, Python",American Express,United States,https://www.indeed.com/viewjob?jk=a1ca7b08b753089a
"Software Engineer, 2021 Graduate",Atlassian,"New York, NY",https://www.indeed.com/viewjob?jk=bc18bc362390bec4
Software Engineer Intern,Wickr,,https://www.indeed.com/viewjob?jk=38bbce4434707a66
Full Stack Developer (PHP and/or Python development)-Remote,Bryant Staffing Solutions,"New York, NY",https://www.indeed.com/viewjob?jk=afd3923edca77245
Python Data Engineer,"Take-Two Interactive Software, Inc.","New York, NY",https://www.indeed.com/viewjob?jk=cfdc74fb468015ae
Associate Solutions Architect - Summer 2021,"Amazon Web Services, Inc.",Remote,https://www.indeed.com/viewjob?jk=c167d2ca8f4405d4
Python Developer,NTT DATA Services,"Plano, TX",https://www.indeed.com/viewjob?jk=273072dbf792c094
Data Analyst Intern,Baidu USA,"Sunnyvale, CA",https://www.indeed.com/viewjob?jk=cb63e06d2643f22b
QA Automation Engineer- Python Scripting,Pinnacle Group,"Allentown, PA",https://www.indeed.com/viewjob?jk=1e93f8ecb71d8bcc
Sr Software Engineer - Python,HERE Technologies,,https://www.indeed.com/viewjob?jk=91e50e9e3c3e6620
Business Analyst,Amazon.com Services LLC,United States,https://www.indeed.com/viewjob?jk=8b1df61b11d6c473
Python/Django Developer,WikiRealty,"Santa Monica, CA",https://www.indeed.com/viewjob?jk=8170f030fcc61d97
Sr. Quality Automation Developer - Python,opentext,"Indianapolis, IN",https://www.indeed.com/viewjob?jk=9d1150e81dd4b6a6
Quantitative Researcher,Satoshitrade,"San Diego, CA",https://www.indeed.com/viewjob?jk=e03228975073d43f
Python Developer with AWS,EPAM Systems,United States,https://www.indeed.com/viewjob?jk=125232fdfad42df6
Statistical Genetics Intern (Remote),23andMe,California,https://www.indeed.com/viewjob?jk=2c4a8fecd6390ffd
Financial Analyst I - SY-Department Administration,UT Southwestern,,https://www.indeed.com/viewjob?jk=6cb2ca699cdb5a00
Entry Level - Software Developer,Smoothstack Inc,"Fairfax, VA",https://www.indeed.com/viewjob?jk=e49f6527e777a4a3
Customer Support Representative (Part-Time),Wiley,California,https://www.indeed.com/viewjob?jk=ce9bdd3a260077cb
Data Science Intern,Root Insurance Company,Remote,https://www.indeed.com/viewjob?jk=f4143adb5baac3fd
Data Analyst,Hagerty Consulting Inc,United States,https://www.indeed.com/viewjob?jk=ffb0c51439e89fcc
SOFTWARE ENGINEER (ENTRY-LEVEL),Bongo,"Loveland, CO",https://www.indeed.com/viewjob?jk=a0cff02a018273c8
2021 Software Engineer,Bloomberg,"New York, NY",https://www.indeed.com/viewjob?jk=cf8aebd195601b2d
"Entry-Level Data Positions (Data Engineer, Machine Learning & Visualization)",Citi,,https://www.indeed.com/viewjob?jk=d2e8a5eaac52a039
DevOps Engineers,StackOverdrive.io,"New York, NY",https://www.indeed.com/viewjob?jk=1c40a9d11fb580d0
"Analyst( Python, NLP)",TCS,"Pittsburgh, PA",https://www.indeed.com/viewjob?jk=8d7e556d70c9b7e7
"Virtual Software Engineer Intern, Summer 2021",AT&T,"New York, NY",https://www.indeed.com/viewjob?jk=2e08a68ecdb81810
"Python Developer Intern, Brokerage Operations | Summer 2021",Liquidnet,"New York, NY",https://www.indeed.com/viewjob?jk=493206860a97c708
Junior Software Engineer,AT&T,"El Segundo, CA 90245",https://www.indeed.com/viewjob?jk=dd3056634961d8a3
"Data Analyst, Clinical Research",Happify Health,Remote,https://www.indeed.com/viewjob?jk=aef476ec31e1313c
Junior Front End Web Developer,Luma Pictures,"Los Angeles, CA",https://www.indeed.com/viewjob?jk=00933eff665a12c4
"Associate Software Engineer (.NET, Python)",Travelers,"Hartford, CT",https://www.indeed.com/viewjob?jk=b0921e4293c2b7ed
Python Data Engineer,RiskSpan,"Tysons Corner, VA 22182",https://www.indeed.com/viewjob?jk=ecf57cee51491a43
Language Engineer,Amazon.com Services LLC,Remote,https://www.indeed.com/viewjob?jk=b744dfba701c2fa1
"Paid Intern, Software Engineer Summer 2021",Dishcraft Robotics,"San Carlos, CA 94070",https://www.indeed.com/viewjob?jk=7ccfc40534d419ab
Python Developer,DataLab USA,"Germantown, MD 20876",https://www.indeed.com/viewjob?jk=baa9cc8276420a76
Student Careers at DiDi 2021,DiDi Labs,"Mountain View, CA",https://www.indeed.com/viewjob?jk=de42d58adb771e57
ETL Developers,Intone Networks,"Richmond, VA",https://www.indeed.com/viewjob?jk=d9431dd7e8020bf0
Python Developer,Tech Pundits,"Philadelphia, PA",https://www.indeed.com/viewjob?jk=7a93e09be795ac6b
Python Chatbot Backend Developer (Python & Django),Ossisto,"Perth Amboy, NJ 08861",https://www.indeed.com/viewjob?jk=57d0944b8af6aacd
Support Opportunities,RStudio,"Seattle, WA",https://www.indeed.com/viewjob?jk=2c26339484d5141f
Senior Python Developer,Technology Ventures,"McLean, VA 22102",https://www.indeed.com/viewjob?jk=f5355a1b9abf3e01
Senior Python Developer,OMBU,,https://www.indeed.com/viewjob?jk=d13b06d1113de40c
Splunk Engineer,Intone Networks,Remote,https://www.indeed.com/viewjob?jk=cc9809f49d72a02e
Full Time Opportunities for PhD Students or Recent Graduates: Data & Applied Sciences,Microsoft,,https://www.indeed.com/viewjob?jk=97ba8c5ac004f4e4
Python Developer,Indus Group,United States,https://www.indeed.com/viewjob?jk=67008ecde32d356f
Python Developer,Verata Health,,https://www.indeed.com/viewjob?jk=c1a4ff23ed83626c
AI Research Intern,AlphaSense,New York State,https://www.indeed.com/viewjob?jk=55a0c85b251e5eb6
AI Research Engineer,AlphaSense,New York State,https://www.indeed.com/viewjob?jk=f8674c4fc89b6498
Autopilot - Deep Learning Internship (Summer 2021),Tesla,"Palo Alto, CA",https://www.indeed.com/viewjob?jk=e8ca5651c773947b
Sr. Python Developer,Cognizant Technology Solutions,"Alpharetta, GA 30004",https://www.indeed.com/viewjob?jk=522f46c2ad3d9c4e
"Software Quality Assurance Manager (manual testing) - Amazon Robotics - North Reading, MA.",Amazon.com Services LLC,"North Reading, MA",https://www.indeed.com/viewjob?jk=ef9179708dff46ec
Early Careers | Financial Modeling & Research | Los Angeles,Goldman Sachs,,https://www.indeed.com/viewjob?jk=5d632aecae173585
Python Engineer,HealthVerity,"Philadelphia, PA",https://www.indeed.com/viewjob?jk=337f8197c3abc4aa
Full Time Opportunities for Students & Recent Graduates - MAIDAP Data Scientist,Microsoft,"Cambridge, MA",https://www.indeed.com/viewjob?jk=bd2d32a1e6455d95
Consultant,Macedon Technologies,Remote,https://www.indeed.com/viewjob?jk=e138b58a43548568
Research Assistant,Woods Hole Oceanographic Institution,"Woods Hole, MA 02540",https://www.indeed.com/viewjob?jk=ee9af9daf2f3db5f
IT Help Desk Intern (Remote),23andMe,California,https://www.indeed.com/viewjob?jk=789a9afd247be3fe
Computational Biologist,Teiko.bio,Remote,https://www.indeed.com/viewjob?jk=f46c86dd80dc5d90
Content Creator,LeetCode,Remote,https://www.indeed.com/viewjob?jk=e94af63cb41ad9b5
"Security Analyst Intern, Online Safety - Dangerous Orgs and Individuals",Facebook,Remote,https://www.indeed.com/viewjob?jk=32ba110f145af6e8
Python Sr Application Developer (**REMOTE Available**),Vanderbilt University Medical Center,"Nashville, TN",https://www.indeed.com/viewjob?jk=ac2e9c7e1345f627
Computer Science Intern,"Dovel Technologies, LLC",United States,https://www.indeed.com/viewjob?jk=d52d83a5b9ea4e34
Software Engineers & Web Developers,1DocWay,"New York, NY",https://www.indeed.com/viewjob?jk=597b9830f39b5420
PYTHON DEVELOPER – DJANGO/FLASK,SpanIdea,"Milpitas, CA",https://www.indeed.com/viewjob?jk=fc324a2ebed84b82
"Sales and Digital, Data Analytics Internship- Summer 2021 (Remote)",Walt Disney Direct-to-Consumer and International,United States,https://www.indeed.com/viewjob?jk=e4c176da0b139de9
"Quantitative Developer, Python",GuardX Inc,"New York, NY",https://www.indeed.com/viewjob?jk=b905499367112b35
Data Science Intern,Galvanize Inc.,"Denver, CO",https://www.indeed.com/viewjob?jk=fe26af4ea021d460
Online Computer Coding Instructor,CodeStream Studios,Remote,https://www.indeed.com/viewjob?jk=f749cfc1294fe467
Software Engineer - Recent Grad,Egnyte,"Mountain View, CA 94043",https://www.indeed.com/viewjob?jk=612cfe0c6773f85a
AE Position,Analog Bits,,https://www.indeed.com/viewjob?jk=8b1e530f934b1a7a
Software Tester,Simply Good Medical Software (SGMS),United States,https://www.indeed.com/viewjob?jk=57b6582dea90bdb5
Sr. Python Developer (Remote),CrowdStrike,United States,https://www.indeed.com/viewjob?jk=9b2fdcd2351b3bf2
"Software Engineer, Intern/ Co-op",Facebook,Remote,https://www.indeed.com/viewjob?jk=f8a43c43373ed118
Software Engineer Intern (Summer 2021),"Alteryx, Inc.","Broomfield, CO 80021",https://www.indeed.com/viewjob?jk=216bd247b17d8827
"Virtual Data Science Intern, Summer 2021",AT&T,"New York, NY",https://www.indeed.com/viewjob?jk=b15a6ec31032bb3a
Python Developer,Haneke Design,"Tampa, FL",https://www.indeed.com/viewjob?jk=542b21736b6bca61
Baseball Operations Intern,Oakland Athletics,,https://www.indeed.com/viewjob?jk=6a9766acf208e56f
Sr. Python Engineer,Chicago Trading Company (CTC),"Chicago, IL",https://www.indeed.com/viewjob?jk=5439c70e66932ff7
Data Science Intern,Quizlet,Remote,https://www.indeed.com/viewjob?jk=2081958023b5f2a8
Data Analyst,SmartSense,"Boston, MA",https://www.indeed.com/viewjob?jk=da1db75e2f4b620a
QA Test Automation Engineer (Azure / AWS/ Python),Intone Networks,"Andover, MA",https://www.indeed.com/viewjob?jk=ab8299490418ddae
"Sr. Analyst, Organizational Strategy and Design",Salesforce,Remote,https://www.indeed.com/viewjob?jk=93ff6e96fb95410d
Python Developer (Remote),"Lucidus Solutions, LLC",Remote,https://www.indeed.com/viewjob?jk=dcae4e5adb3b7330
Federal - Entry Level Java Developer New Associate,Accenture,"San Antonio, TX",https://www.indeed.com/viewjob?jk=09a37ca6aa4a014e
"Software Engineer, Recent Graduate",eBay Inc.,"San Jose, CA",https://www.indeed.com/viewjob?jk=379369ecbea6e4cf
Python Developer,Infosys Limited,"Dallas, TX",https://www.indeed.com/viewjob?jk=a29c847ceacb4510
Data Engineer with Python,CapB InfoteK,"Whippany, NJ",https://www.indeed.com/viewjob?jk=7f7b1b36ef674085
Jr Cloud Practitioner,Lowers Risk Group LLC,Remote,https://www.indeed.com/viewjob?jk=3c24d8f8793805fe
Python Developer,Avani Systems,"Newark, DE",https://www.indeed.com/viewjob?jk=2adef6dc99e86686
Machine Learning Intern,Knock,United States,https://www.indeed.com/viewjob?jk=96878610df3d3a92
Data Scientists Modeling,Engineering Technology Associates Incorporated,Michigan,https://www.indeed.com/viewjob?jk=dac8c5cca03e200f
Sr. Python Developer,Box,"Redwood City, CA",https://www.indeed.com/viewjob?jk=87cc55ff41c5b4a4
Python Software Engineer,"Bravo Consulting Group, LLC","McLean, VA",https://www.indeed.com/viewjob?jk=d3e8a87e0c91a31f
Junior Quant,Dexterity Capital,,https://www.indeed.com/viewjob?jk=e1a750ccc83bd177
Entry-Level Computer Engineer,Opal Kelly,"Portland, OR 97223",https://www.indeed.com/viewjob?jk=a2e8830485cc2dd9
Blockchain Researcher,Coinbase,Remote,https://www.indeed.com/viewjob?jk=13f3869d8b85c1b8
Python Programmer (NASA/JPL),Geologics Corporation,"Pasadena, CA",https://www.indeed.com/viewjob?jk=aef056d0f6c858ef
Junior Developer,CENTURY INTERACTIVE COMPANY LC,"Dallas-Fort Worth, TX",https://www.indeed.com/viewjob?jk=860dacd5294eb19f
Senior Software Engineer - Python / PHP,SureSwift Capital,Remote,https://www.indeed.com/viewjob?jk=592af6f27affd606
Python Backend Engineer,LeetCode,"Palo Alto, CA 94303",https://www.indeed.com/viewjob?jk=a713a19188e1aac3
SQL,Intone Networks,"Plymouth, MA",https://www.indeed.com/viewjob?jk=7b22008b7ff0c28b
"Data Scientist, AI / NLP",Happify Health,Remote,https://www.indeed.com/viewjob?jk=89fde06adebe0768
Sr Software Application Developer (Python),D-Wave Systems Inc.,"Bellevue, WA",https://www.indeed.com/viewjob?jk=41ba6fab658232dd
Software Development Engineer Internship - Summer 2021 (US),Amazon.com Services LLC,"Seattle, WA",https://www.indeed.com/viewjob?jk=0e2b1a3d06d43f93
PYTHON DEVELOPER,Nextshift,"Raritan, NJ",https://www.indeed.com/viewjob?jk=1ad4e031a54894fe
Consulting Professors,Saylor Academy,Remote,https://www.indeed.com/viewjob?jk=edb0eb6a7ba31772
Data Scientist - Statistical Modeling,Silvia Terra,Remote,https://www.indeed.com/viewjob?jk=93ac6a890045fed2
Python Consultant,Accenture,,https://www.indeed.com/viewjob?jk=a3283e74223f9751
Senior Python Developer,Six Feet Up Inc.,"Fishers, IN",https://www.indeed.com/viewjob?jk=d415983f29b3d543
"Administrator, On-Field Operations (Pace of Play and Operations) (Seasonal)",Major League Baseball,New York State,https://www.indeed.com/viewjob?jk=10843a358c4c5e58
"Jr. Data Engineer (Python, Spark, Scala and AWS)",Cognizant Technology Solutions,"Dallas, TX 75201",https://www.indeed.com/viewjob?jk=259a6dff4f76a388
Senior Python Developer,Eastbanc Technologies,,https://www.indeed.com/viewjob?jk=403e2a3f39b99663
Vitria Data Scientist,Vitria Technology,,https://www.indeed.com/viewjob?jk=a12209822929be49
Quantum Offering Materials Science and Atomic Simulation Contractor,Deloitte,"New York, NY",https://www.indeed.com/viewjob?jk=2e6339c2af20d446
Python Developer (Fullstack),Konviere Corporation,"Leawood, KS",https://www.indeed.com/viewjob?jk=213ef23aef1e09fd
Python Developer,Q2ebanking,"Austin, TX",https://www.indeed.com/viewjob?jk=9a7ca61bda2bcc93
Python Engineer,Millennium Management LLC,"New York, NY",https://www.indeed.com/viewjob?jk=02aa57266f1a0d50
Analytics Dashboard Developer,Stripe Theory,United States,https://www.indeed.com/viewjob?jk=8d4624f25896a6ef
Portfolio Analytics Intern,Vacasa,Oregon,https://www.indeed.com/viewjob?jk=ca7aac866b3a1ec7
Jr Software Engineer,One Door,,https://www.indeed.com/viewjob?jk=22d1b559bda2e975
"Software Developer (Python, Hadoop, Data Science)",PNC,"Strongsville, OH",https://www.indeed.com/viewjob?jk=6fec76f643eb6aa4
NetApp Emerging Talent- Software & QA Engineer,NetApp,"Sunnyvale, CA",https://www.indeed.com/viewjob?jk=f860b28a35a4aec7
Python Developer,Decision Research Corporation,"Philadelphia, PA",https://www.indeed.com/viewjob?jk=c060b192d71da3d9
"Guidance, Navigation and Control Engineer Intern, Flight Controls",Wing,California,https://www.indeed.com/viewjob?jk=73a974a9412b8745
Quantitative Trader 2021 Q3 Start Date (Entry Level) - Chicago,XR Trading LLC,"Chicago, IL",https://www.indeed.com/viewjob?jk=facf9142065d18c2
Python Developer - Portfolio Finance,Balyasny,,https://www.indeed.com/viewjob?jk=1e17d378809e3721
"High School Intern - Software/DevOps, Training & Logistics",LOCKHEED MARTIN CORPORATION,"Orlando, FL 32825",https://www.indeed.com/viewjob?jk=9f5b5bd2f4adddd4
Data Science,Nauto,"Palo Alto, CA",https://www.indeed.com/viewjob?jk=e821f6d2f048b43b
Economy Designer,Bungie,,https://www.indeed.com/viewjob?jk=887c75d21e4dfed7
Senior Python Engineer,Deephaven Data Labs,,https://www.indeed.com/viewjob?jk=efff1413f6efa369
Psychometrician,"Amplify Education, Inc.",United States,https://www.indeed.com/viewjob?jk=5bd393385d78fa2a
Baseball Analytics Associate,"DETROIT TIGERS,INC.",,https://www.indeed.com/viewjob?jk=4fa5f7a5356d31db
Research Editor,Dow Jones,"Princeton, NJ 08544",https://www.indeed.com/viewjob?jk=15fd90ea1cdc91bf
AWS Developer/Data Engineer,Softwarely,Remote,https://www.indeed.com/viewjob?jk=36280c3beae91d2f
Backend Software Engineer (Python/Django) San Francisco,ixlayer,"San Francisco, CA",https://www.indeed.com/viewjob?jk=72b5bc8e21a7b513
Python Workflows Developer (Balsam),ASRC Federal Holding Company,,https://www.indeed.com/viewjob?jk=fd441e331eb3e9cd
Applied Biomechanics Researcher,Apple,"Santa Clara Valley, CA 95014",https://www.indeed.com/viewjob?jk=042510ff0d38e7dc
Senior Python Developer,Fusion Genius,"Alameda, CA",https://www.indeed.com/viewjob?jk=374a0913cfa1f9f8
"Environment Artist, Autopilot Simulation",Tesla,"Palo Alto, CA",https://www.indeed.com/viewjob?jk=d4d358f1e21b4244
"Developer (Python , Hadoop Bigdata)",TCS,"Pittsburgh, PA",https://www.indeed.com/viewjob?jk=73dd343e0502b8f7
SAP Next Talent- Rotational Program - 2021 Grads,SAP,"Palo Alto, CA 94304",https://www.indeed.com/viewjob?jk=80e0a810798d311f
Embedded Software Engineer Internship - Edge Devices,SmartThings,United States,https://www.indeed.com/viewjob?jk=93bdc1500442e436
